question_id,question_enc,answer_enc,streamlit_link,langsmith_link
Q01,gAAAAABqOhEc1T_6B2p2Quj-swEXMvCogU5mt1kYDUy4RE76q0llYbeQhYCNa_C21RuILbdVkf1mJcu1yC87uzYbttjDb6RjevQXsXWJmrq82suyLS9T9A8yMxxAt0p5oCZ9bpbbqmmvuj7YAt5tsFti-pVLl6siOy6utWNAFwAWC3IMwB5SRynSJsyDOmRB3XYKqocKYRmNfUcFP3fblY3ROB3IFbNH_1oNIWah99GPOhveKmI7sfNTUzyEaZbltsL6--L91WOKSkpgAy4_n7Grza2XWnJ_uQ==,gAAAAABqOhEcd4585F3E-XbIXlHq9SZNIcU2rdomeyq6HdALw21SQinBbONqYr32ova2GIfgZ5h_UA_nSq0-IF6z9s5Cej2cJMtRrJvu4RvCGbqZBKTN2EtF6XKSVoeE4j8hm50SIkcJgCw7V2tUcWUyDpjyko9xNwPijEz5F4YP-sgByDia8whgWXsu7IAb0wXBXJF3dJBA8DLhjCcf3iicdRGKg-4acqNcPO2Jf40WjYVAlxHm1nqaJPmIFqlOXszixh6IrhLwce7hchTAuM9qkuTsr_IxvDOHMrU1nqjdtCG3NWzPw5I=,https://hrragmasterclass-ds37dspgrlzbyjh4tvydrg.streamlit.app/,https://smith.langchain.com/public/43439541-80b7-4d95-bd46-ee01a3dc8857/r
Q02,gAAAAABqOhEfjr_uXGtn5v8SR9oKl_WQBqSa9tDLsEH6PPQ0aoayvDCb6hV2pAmWWvyH4HlWLOuFfPbTaT5X65A57dBEcYmaIMOg0Alh_QXXfrjXhdU_YFwuD2rfXb2ygF90EEOc5lZtiP6yPgfC-cn-KIDJnJS_I0h_WNliHUYlB0ya3bH1a81zSpvS93Vx-y1PRQZpWF7qB9HRCvSlQSy41ZNsdHa2_S524YHzcj0nStLTmMYUnuu4wRhfDFR6FyMJ9F3IVeWIaf3iF5zaSckKhLHeSzL-cg==,gAAAAABqOhEfdqlR4MAekI84mhS3I_nlW8jEroHCivpGVOHDYJh5nMcap8O8dkTt5YG7aHtfYWDwv5qM1Q-BU767QDPPbuj6GdHNCZ9v6ARHNiXtedWvcjZafOCFfVgkrNFy0QgZmvbqZbUia8H-eDadqLBUud-1dXOAe0PpuvBGflq9wl7BBTFnbFg7lU3kFMxPvxYdRYryAIjUNUFE8bqQgTqfV7QZ0Oc7LSFYib2a55Fo5GPpNfyTESn6q2OsSVoK7zaroFRk-KF2M8lnIGwBG8kvHV6X0fY5CFlzm4ARwFBXryy-hJNVT8H3AUceXgjCP6Gzj0U6zAFuxmhzsV5-JmBUXUuakrIaHA2j30Smh1qca95KgxFOPhliwIGmB54uujlDJsH2,https://hrragmasterclass-ds37dspgrlzbyjh4tvydrg.streamlit.app/,https://smith.langchain.com/public/43439541-80b7-4d95-bd46-ee01a3dc8857/r
Q03,gAAAAABqOhEm3lWF4rbfowD4_y6PgikVnapbQHVxfvBksuhO0jXiT6AAmFZK2Q65pSeylClks8-l2XSiVPkrjc17W9A17_dVXmTKernweRNy4DKATdwzWKlvOMlJNlLMUYqVB9qZYq8OrejMVGMAqTTuKc0gyokblSW8KGZd9yB9BnQjuSIMxnHWnuwC2HvAHaoUT9ZLnkaMRdWEid8V92IgpHZtSpHqI_e-YlOLWeUOb5liLWbbG5E=,gAAAAABqOhEmN7tZfxkdkcddPbjIyhuh-KNlu6np21YXxg3CAXVS44cTeUig0xMEaSIeDSOhfpRetZDGD_zl1jLsF0otsfi8BXS8lzSHpPuCWK0kVkdk8hogslfasdFk_sWpdbQIBMN0YMkMqpjywjasqaE59qSbrkO9H9nDX6XOmTykRCke9Eqn2UPy9qcpWdqVRODmj0-19b5bUu9uCM_DBeOyZbkCWVPk38cXs5kEsk9SEQqx718oqUgbig6yWBgMNyYK8-nkL0OJxqjO12YRzE0rRWAVvNCTPLb54gTwwUxCPxIPunvQ0lveoxbtPie4L9r1ksSo,https://hrragmasterclass-ds37dspgrlzbyjh4tvydrg.streamlit.app/,https://smith.langchain.com/public/43439541-80b7-4d95-bd46-ee01a3dc8857/r
Q04,gAAAAABqOhE8ld00WyNAy8i-_g6eC_0A4XxNz64rJvCGJZTppAx4QWMVQ0fRPpHrU0tRLchzKivPdQ7t-gJ1ax1pSsCXQijDSfZA_a9Cs8LZq9x4oEfSw-J0doicsiRXqrb2mWd82zBI5sYaGppMakqtZD6N4quOtZhpFYWcC5ekLuZnr_A2QNk84esnIcxai_QAozrPBcjRwh7YALTd4wUyAqHPsaXw3jsKJXrq3NNpY4YykxfS-0w=,gAAAAABqOhE8w9ZQvH2xrbpkMC_umiu9KcRhshWL3EHNY3Kr3DIOtLJU21Rv4cQaetbMI-YujScBJaOwgPZdApHVnqvzFard-7xIgUXzbOJXaS-UwrGBKxRHbwjUVtS6s7iiC9mOsNu64KnRN56HW6ImsIXTn3YwP3mRXLx0M_PsJL3GxdlvNrXLTLKoeTgMTLHSu3thR2pB9yidQUzj80E-ry3rCKYa6suxaH_vBtubIUOHeTaMEZw=,https://hrragmasterclass-ds37dspgrlzbyjh4tvydrg.streamlit.app/,https://smith.langchain.com/public/43439541-80b7-4d95-bd46-ee01a3dc8857/r
Q05,gAAAAABqOhFRxh3j7PmkBo-VBiBBc7uADtp_40LJ-0CbPu34wmUOMazcaPXoIRyMRd-gfwDPDRLm-rZjItDvxvxbi8_r256jXGJzvGz2IfU9e-Jrxr8_SZYGy8avDbJ-KMcJG3X8zIR5OtfBBtxFOka5gwRkgvlZX-OKGREoHMwS7i9Fe-dyRtiYzXcd5fXeQSjoQ-j49MTpjUokjKcp5vHyQM2daTpGxg==,gAAAAABqOhFRyKdfR5T4RAy9gKZEq7JtXB2JlQaQ6KVVi351WbQxwfdgrviQT4O-yrK1ry7851D37ixCqixVW_tTdyCIBIO9R3iD7kbdKV0gL0xw-ZARqKuzvLxmymDihAbYep_0rV9QDrX3Rgajm5XxsepvXSWWvTByUYzhvgkoHL-O3iD6H8PWA0ehmhG9Yy4QH5_MIS3GbkxQ1zkdJNg5miAEDNoEPQ==,https://hrragmasterclass-ds37dspgrlzbyjh4tvydrg.streamlit.app/,https://smith.langchain.com/public/43439541-80b7-4d95-bd46-ee01a3dc8857/r
Q06,gAAAAABqOhFo88f3_CaxOB93H-rDrBKHTEblYqhzo-FBP7N5GdCHZHV7SqSiFhZxGo8Hlbi191NfqUjw1EIwRo_eQwz42OYC6AUCDrKhfW9-w5VuUk3UO6z_aQpqVt6TxntF5svtf3-xSX9hTsP0O8bk7yCV-yIfCN2unv42O5y2UBumA-qPm0GX87rBlh44khGQpz_EBKqI,gAAAAABqOhFolDZm3EAwq2L6r6DFnrhT0FRwlQfUCQuXKJBp1Z8qU9X72XttAXfX9d5TofKs3ymGS9xojXq0ifbgDcYDGAZaqNZaBrsLUb_hyszptfA9-S3L_nIbJhIXI_FRYzXP6RI_oiK0stK6b24nLYVgRrbEsYzopzW1yo4FUIGEUWKIm-aPPcWVaIXGngHPzN5cGc_icXj61SrKFw7_f-QBxASFf_SFxMj-mt4sKidX4COC0HVC2YnufOcuzZhagmgNCQPY,https://hrragmasterclass-ds37dspgrlzbyjh4tvydrg.streamlit.app/,https://smith.langchain.com/public/43439541-80b7-4d95-bd46-ee01a3dc8857/r
Q07,gAAAAABqOhFtEJ5F-ayWKaaI6PrgMCQ3Q52Z0LJHZx1XlRZEDu4CO0OsHhO0x_YHPHKSFEAZB_TofjffuElyE5PY50reHyqfWMWJz4sCz8f9KEo8JgBk2X7EBt8oIapdIRHoppzN2hDIworY27PQGCSTRxtSY_7wq0NtGPVbBwgjZe2g-VVLEUwpYZPM4IlzDUDiUd_Xe9sPctDOKGRQov7IzTRj4EtVFqQ6cfRiWXef-701-SZSR_vAFI0CjDYeWIYwFh1-Itif,gAAAAABqOhFttwe9HUiNK0AeoI1YlA3DWpoyLYFsmq1_cRpJ_HRQQzg_YzaF8qw-w80ump4nS8DVKOKBJOQt00wfsHi63fv0etLa2kmM2Vc9Dul_8ihrkLG-z1EX4lDWNqpqY41E-5VZSaGoLkzZF4h6SNa0nuMiIBn6g2f9QwX5CfylYBnCEwbsIW2fL_fUrVmKVGwLWVys,https://hrragmasterclass-ds37dspgrlzbyjh4tvydrg.streamlit.app/,https://smith.langchain.com/public/43439541-80b7-4d95-bd46-ee01a3dc8857/r
Q08,gAAAAABqOhGDJOPE9UIuaFhQ90WEBgNMS4itAkymbwmYNhrXnF8hRxaUPuyHPlfmpgNm6jTAnH5dDZRQ00RNvy9GvlY9jD6otEaNyZXXaZe6H-CzthjAzImmU0uFFmNtA_3NXlVRDgsK9o7Ix9wpbo2gM-mBdC9RCU5Kv-cNp2R_1yZgdfuTyPF3vJbtRxeu880o-1z4sGOfvVX1hstinnA9DO2bs18k6OpYkgGfGWBVf7sC9WSEXt4=,gAAAAABqOhGDJJudWA3a3rzQLadMx300Ex1aWlJV0xL2iNYILSfEyjlhMVPNyn_GFZ24LuYnALZ6QwX8QhW9RT5AXbDCBfJ7GiSucCNct-uaark48o599CtYie_ZpaUsZ4vEKVkHM7pmM7dZs1CyUXXNYflr_3r8rZPiRpt8JzPS_ByGs97-vSAd-rei_TQpGpQFxUinSGE79Ref64csuCR-aK9sXpenY1owUpLbUhXjRnpcKDuGsEeHmaZVlMiuFZ0H25mSkpiExUBEmA32N1iywYIlxxRkY14TI8TpIeUXD0S_K6EztENnJTZ_OEMZlLLjwtTALeG-gLc2lxewWft5xPJ7xUlH6Q==,https://hrragmasterclass-ds37dspgrlzbyjh4tvydrg.streamlit.app/,https://smith.langchain.com/public/43439541-80b7-4d95-bd46-ee01a3dc8857/r
Q09,gAAAAABqOhGX47eq6m387Q-eAkH6-V0Dki0CSqQpDLCnH36LyoiJkZQ7Z7hqykGfQkeLNeXICwDJx1HYAcOP1YM-8zHE2OJlvFxFs_kCki2Nhp-y8o4-hjAUirScnOCe9cUF9KspJEe0yxPq4WyuSuz73FDqPrlLlZhjuQSW-oEoiU1d4h9oz8gONiLuq47DbZo_IBSKgC4szxfcdAf-ZtIvsExDHfT_Mw==,gAAAAABqOhGX9t7jvBbI-0VdSSCY2FNgd_OaC1Sn3W60I6zGSTwW23q5Lnqu4WxN_wjChz-Zn71BMByxX3F4wkTmPh-uzVvo0qwZKvCV_heLO8jTlgQOzp4-yXpXU5JFXiak8CVBhB4hcU3AEPZlopapdbRBZysqU1Gd9EGgX6FYNCmzdSdjTwYEwe_OncXAtKe8PXkacXfWIzuHWC8ggET_k74p43v-PnXDDBuDwATtgqkrnnfVl7N-GcgP4D5s7LSbVkL6QV1EMiEIXT1g7QDRnsLkBKUJf8Afj075EX-XVWax-RfMUx7974_NjTLIPvQAyw6QdiWF8cBMT0BMOI2-U0j8t4211ScAeu8iWqJmnuJ0Q3I-cGyatNxjXy-iam_QXGwtkaC74AZxHvUU5OHIl8M_vjptQwl4znNBT-4xJMQBfk8o1vVv76yOkOqqNUDj1_k9xFzYYTfa-K0xeZYRXcPZlLhlYipZKkL4Acsl9r1St2FXiUq1qwLrN2k9p1Jbxh0JOG8d79VPF3IS_GxyCe5GoiTFh3RTek7czYyp95AkUbeFaIDYDwVskRrlwDoQxXhUtZtHXsH9NwBHdhVR50nwl4-8zHLWWVntuLxPKd-E9jFfMCneQw7ezL54g_i2Din99iP_u1orzoebOBVR0Uh8BrF4rBaQBtza1x5FPxRp9sat1Dg90NsFD4LRi_Z5gczaQkAKTrjWM6zrfYOd9rSavmrQxUvle3Ru1jByN6DMsB_0w0Fm4HFrdEB43xCIv-M9-1Yl0gZjO56vIFii997DrunfQGWHvCiaV1CImlGHeE4h78w=,https://hrragmasterclass-ds37dspgrlzbyjh4tvydrg.streamlit.app/,https://smith.langchain.com/public/43439541-80b7-4d95-bd46-ee01a3dc8857/r
Q10,gAAAAABqOhGubmWZwT3Xs3XXIr5U_pqx6oTyjjlGXqOKIel6wvIEGYh5tpSKgtoqxw60O74Hd7Ateiwdyv2VP-8mfVkBxm0nCu_NB9sx8kloBhL_UTnpefzZ6kMGYjKTGIpPfbMHi_j5FcXJY8zOZsX796h94VPksZ4IdydZLrhaztAFOGVNnGx_EAA5CORfUYpe78OqdBlFVE0Tyn7DfFTPFu27knEVL8P4w3eNisHOo7rmzaH87Ek=,gAAAAABqOhGuNaAoc-x2YcWOKshad_GJuaA36WMJBHlfGrNt542fQzeI7eZm_d7Ku1FvtChU0DywCpko7_Yv3pA6CGs3QpVn7hAU1PD_IkvpfTP0wEfi7J7soQSVFPIoErA_EqSDDG66S4Nf9O2WGN4hc6qC85_UdYsQBDtMvso7QZqosQok00Qh-cgzwO-tjtRDq4PsU7wKkkSXx7vQsLErw9IAgxVtwjeI0oBpjHZerdR9_3L5l1ezjIRZ490-gpZcj_8JVxiatSD6nIEcDZp-ErE1k8dxIhYG16E5icRS4bfsqEyaBksCAH6qfiCcBVBMzDy4PjWgEO2U71yqrcvrrSJMA-QM7SXhzW8BmOkB65Gn3P6xLLbGHqD7smWKNcgKMkV3y5ondE9dhe15rwLbpgqoDd0k5VC_dWzXy993ivinYi1WX7RCE4SgtoDhXh4ZaxdI4jc-emNy5PKa1UWCU-fxL0wBfgrxlXs1j4hvyFJAUDR27pgVA8e9sqH7Il9mGRFgIvEb-HrkfE_7K02cvYtetF75Rzkv3u99yJixSM1uMtg7-ZlD-N3MHVXA0XQK4s8nezmoJNohSdXZNqxRp5nowJ6ugvUOXGV_TeAHvImcjTTVB4A0HXeSmQ6wY42jiROcvDW7bihjVvnTBEoVNRGquIH71dMOMwnwsyqKzEKmkZEPgDZu69rDok8vGQXnQ_sKLNDzPJJigmfMbCofkvLkyK4u2-eVczMOEUiHCnuLQhZHgRoa-uoohbg2d1y3LUUPq5ywEiUnsDyd7KjGFQcBVy0T91hgEX7ASV9LUnjmmNkgYdMODm5zviNFN2hJxaqrcwIUlHNbEXbj02n2hBC4q59o6i_qi7qUUqLvisCc_Rc0RImDv9zUDzU3uJH8TZs2cTpuMOmEXjDkM9jxC1w30PGKul0itb1F61H-3UfooeRqjoZEEyt4WEtO-KQ8NMwsfBZa1UnI6CPnNGrgQtjA3PXsMIZcmK7d0Kt05pepLgBrqsdWtdmnkn8c-JW6xX0reVc90nnD5YO6JJxGCnW_opJLx1j9GJ5ErszAgBdHLlbsayLpu3LFHE61uEYGkQlvzHo6zn-_8z3nEFVTK60P7J6H3MwpPmIcO-bAx8mg1bH7nXGaDgrZma40cYvdhtJ_lm_j25eRL7VQNpbcxUGS73SIVqH7VlIV5yt-gYnNQZx3zq1n9m2ImGruv6ugsO_X3dtQVME-PvVLUKhpnX90-AfCUsGgzI6h7CpGVNWyrk2fAOmBl27lY9OkuE-sJcLc01JcPt-WdQsjqaW7rue3H1ypFtCE6aMzocQq34WOfRPaJRJJ8ODYDSm6S_oYbc73NV3LYODWow9rWe47665DGH4iPVWjFH7HEMx-kx5wENDO2ud7fkALjNi75TQTMVV1aDdfjnRZ4xb58eN-po6A6FY8bFEwVwZiLAEC7rM-sh3eVgsvK8B-jnuO7AGxidhr8rz1hPZ3VboLnlGEOpT7Ddz7P9ctA2YTtdL_KT1MWwrqvanlmLOSNFO8kBEi-RYb9H_0kHd2iNlgFW39NdyQQ_fiOwhe-b_SHTI6aXJ-rAbRTeF2TN8GR-BOOwemYZhYxPiQ0FjeS2wGl9mVlNiP6EoR-tyKVcxmidqM2L6-IlsdF0IT55PtZGFtK6dujFos6gJ3Pc8YhyqvqCjm2OYEQP0ObhBRp3SasQAu5Etreha9iBXO3j4BaXE2Xtsgw34dKFWhtBaDH-7Quj-3hq7pMKHRd6Z-rPINoLhdV9ixV5GMZxhckCFrSaLc36TLGqQ670bZd5vCT9tMsu8Ko9WEMTlIvYW7kWlZ0-sxI7Mo70zO4s0=,https://hrragmasterclass-ds37dspgrlzbyjh4tvydrg.streamlit.app/,https://smith.langchain.com/public/43439541-80b7-4d95-bd46-ee01a3dc8857/r
Q11,gAAAAABqOhHLpwAywPtUGfsTdutG6iqDbfw1wm1XnuYjXV-JeQgLmYiV5Fs93zsBHFBYo4zr4bjfsSAAxORe4nNBRGrelk4IY-jANUBqdTBi9Wom_McxdukNwqHCeq5LjTpEGZYCO_oE1XojwZFy8oVjU_WkfC-cV5o7-Sg0YHH6vwUjMoX9ZyaFi17Na-YykEP-cHQB7EfV,gAAAAABqOhHLiUwJ1eIzkghGSxGTq51CF1naGE6gQxFhCqK0lTowcEfs72NSwzNWsJ6ybXpv0BE3y46hGDeDw5jHZOav27KJ6ODJAbXnYlF2AqHzCKv96hBE9gnOETmUWKbGFhKLdp2W5gJqT-D2L-iu4wzYmIxfhiyzi9oWT4YPb4IF02cThDri1bf3wlBjlhln2PRxAnr91SQ13IXRWzxVd4dexR8fix909PXdHTcNs-geOM1aMmWFowI4rJNG35Wu_6syMMDB,https://hrragmasterclass-ds37dspgrlzbyjh4tvydrg.streamlit.app/,https://smith.langchain.com/public/43439541-80b7-4d95-bd46-ee01a3dc8857/r
Q12,gAAAAABqOhHfd-i_HgzGdnM1G0s1VfTT3i17_9l-OTBX2OLeTaKaEyPbRISOZCiVvAg_3wsiypnKSV0PUZj8XQhcm3DCNdyG2oq_arRDDUk2Xp9ZvfRYIa00F5xs0yRO4D8ln68qbiNDcetsY9skjF2aVy9cUPOEiRJwH2M5IcYVYobFZIBcZatUw1uE3UsMe3IOaaMlyGL7,gAAAAABqOhHfOGNhcqpS8pLan0HnfsDulTvbxH00s_G2FHijmOTJuDLyC2qYutuVmJ8Q69_FOjxbKIcTAa6tKn4CeWEwUHQFGgYmFcb4vmS4NjnF8hCONC44qE9743i__8ragUJiZh_4axuVpLo4f3kNKYjl0OdUjg==,https://hrragmasterclass-ds37dspgrlzbyjh4tvydrg.streamlit.app/,https://smith.langchain.com/public/43439541-80b7-4d95-bd46-ee01a3dc8857/r
Q13,gAAAAABqOhHisfI11i2aw4ZOO95prdjpFGLlz27Ipy5zXk2Hvekz8juJ85jjRNB9WKP7QonGgcQEkdw3829KLrLvelSUWSLhQqbTa2OySBMEw0q8VLdkv1DQBRoF3tfrtYTE7dl2v12um8ZWPiE9ZSd6sbN3epvuQB81eXJPGd48nsjg5qmFvjOSU_aTk9sQ05A0yBq6znVE,gAAAAABqOhHi9ov1_0LVSmFqfEND-byGegU9VNARRXR2uwncFp7dtqVf5osqoU-G0pc8NGN0aqkQK93mfb87sJ7mGBn0Pknqa3fv9w4XkBvch1RmsvgpD0cgCFfzZR-Iz1ybPlnrcGMqPL1Ab3_QMYgcMmBkcR8ZOs-dRW536xMRTwY_ApWjDYXJ5WK0imI09K514FiolPNR,https://hrragmasterclass-ds37dspgrlzbyjh4tvydrg.streamlit.app/,https://smith.langchain.com/public/43439541-80b7-4d95-bd46-ee01a3dc8857/r
Q14,gAAAAABqOhHouwcabab28cBAdakknDq8Ab-YrcCcCsYFpLTr-W7LehT1RkNt86rN4JLyqiovUSyP6UfR475BZPrE-dMASnUsRAp8s34W7kef2-fFMe_sEy0tK5wJT-7TTD46FhAaAwktJJQnw2rk3c5OpiLOrNLPxNDRoKlnNAhoc6AY22KfJG44_R3dw0q8EpsU1xVqfWE1,gAAAAABqOhHoZq8CIJMFNctq_xqYpPKqPXkEr7r6pGqKuPefEWso94Hj3fdmB4M2WgbXlmZCTY8FYXb_YPb2XdN_kj9QfS1EryjXWtO4jJfzgzA-rlymkGBIhemQFls3g7hQlXjSSLjcI9M5VOdhMu7JYGEFrjObAAYv3naQ6nRIhpeo_l7bW6zBUeSkEv0i0yJ7wq6a50v-,https://hrragmasterclass-ds37dspgrlzbyjh4tvydrg.streamlit.app/,https://smith.langchain.com/public/43439541-80b7-4d95-bd46-ee01a3dc8857/r
Q15,gAAAAABqOhHrvMxHUobfSWQeVAMsrtgxCMk5hczrF84wR1mchGZ4yin1O5YiZac-n-U_4wrSHdHOmwnLY9nxkUUW6MwOqXO7zPVX-290Ip6g-tQb9iFmLIsXVXv8DXabwgUzETB6OqF8iej0N5IIguK2XRbSGr4ztq6C6HVrcwojfhkiejzUGeFu5Ndl_fwILjZ3Ubr0x5mP_idllf9BiYrvMvrTDq3x7A==,gAAAAABqOhHrEwiewaFg-fVGdR3ILyxZQP1pTwExVrdRCmAxjP2rCkVQoocfAUurQ-JYUm6s9Cxfd6Gezulw_3z2vi86MX1KzSbGpzlH_Lo35YLS2uKGinsi4CxAsy-wCgAfpIOMFhDIVunMhWo-K0hlyxxyu5f0MguAEJPpt5NhC5VFRiI6Ame9fkXrPmDONFUDOJ9L2rTS,https://hrragmasterclass-ds37dspgrlzbyjh4tvydrg.streamlit.app/,https://smith.langchain.com/public/43439541-80b7-4d95-bd46-ee01a3dc8857/r
